{"base_url":"","routes":{"bonus_sponsoring_cycle":{"tokens":[["text","\/admin\/bonus\/sponsoring\/cycle"]],"defaults":[],"requirements":[],"hosttokens":[],"methods":[],"schemes":[]},"bonus_personal_purchase_cycle":{"tokens":[["text","\/admin\/bonus\/personal-purchase\/cycle"]],"defaults":[],"requirements":[],"hosttokens":[],"methods":[],"schemes":[]},"bonus_binaire_cycle":{"tokens":[["text","\/admin\/bonus\/binary\/cycle"]],"defaults":[],"requirements":[],"hosttokens":[],"methods":[],"schemes":[]},"unpaid_command":{"tokens":[["text","\/admin\/unpaid-command"]],"defaults":[],"requirements":[],"hosttokens":[],"methods":[],"schemes":[]},"get_left_to_pay":{"tokens":[["text","\/admin\/remain\/pay\/get"]],"defaults":[],"requirements":[],"hosttokens":[],"methods":[],"schemes":[]},"unpaid_subscription_command":{"tokens":[["text","\/admin\/unpaid-subscription-command"]],"defaults":[],"requirements":[],"hosttokens":[],"methods":[],"schemes":[]},"summary_subscription_cart":{"tokens":[["text","\/admin\/membership-subscription\/cart\/summary\/"]],"defaults":[],"requirements":[],"hosttokens":[],"methods":[],"schemes":[]},"product_autocomplete":{"tokens":[["text","\/admin\/admin\/product\/autocomplete"]],"defaults":[],"requirements":[],"hosttokens":[],"methods":["GET","POST"],"schemes":[]},"handle_status_promotion":{"tokens":[["text","\/admin\/promo_bonus_special\/handle"]],"defaults":[],"requirements":[],"hosttokens":[],"methods":["GET","POST"],"schemes":[]},"status_bonus_sponsoring_paid":{"tokens":[["text","\/admin\/bonus-sponsoring\/paid"]],"defaults":[],"requirements":[],"hosttokens":[],"methods":[],"schemes":[]},"user_personal_command_list":{"tokens":[["text","\/admin\/commands\/personal"]],"defaults":[],"requirements":[],"hosttokens":[],"methods":["GET"],"schemes":[]},"user_cart_create":{"tokens":[["text","\/admin\/cart\/view"]],"defaults":[],"requirements":[],"hosttokens":[],"methods":["GET","POST"],"schemes":[]},"save_commands":{"tokens":[["text","\/admin\/commands\/save"]],"defaults":[],"requirements":[],"hosttokens":[],"methods":["GET","POST"],"schemes":[]},"user_list_all":{"tokens":[["text","\/admin\/users\/all"]],"defaults":[],"requirements":[],"hosttokens":[],"methods":["GET"],"schemes":[]},"users_activate":{"tokens":[["text","\/admin\/users\/activate"]],"defaults":[],"requirements":[],"hosttokens":[],"methods":["GET","POST"],"schemes":[]},"sponsor_autocomplete":{"tokens":[["text","\/admin\/admin\/sponsor\/autocomplete"]],"defaults":[],"requirements":[],"hosttokens":[],"methods":["GET","POST"],"schemes":[]},"upline_autocomplete":{"tokens":[["text","\/admin\/admin\/upline\/autocomplete"]],"defaults":[],"requirements":[],"hosttokens":[],"methods":["GET","POST"],"schemes":[]},"check_username":{"tokens":[["text","\/admin\/admin\/check\/username"]],"defaults":[],"requirements":[],"hosttokens":[],"methods":["GET","POST"],"schemes":[]},"users_bonus_paid":{"tokens":[["text","\/admin\/users\/bonus\/paid"]],"defaults":[],"requirements":[],"hosttokens":[],"methods":[],"schemes":[]}},"prefix":"","host":"localhost","port":"","scheme":"http","locale":[]}